Comment,label
整体来说真的很不错。性价比很高，下次还会继续光顾！,positive
会往下掉,negative
质量不好，半天没到就勾丝，还是一拉到头的拖丝，那么多好评不知道哪来的,negative
价格便宜，质量不错，值得购买,positive
丝袜收到了，质量很好，穿着舒服，透气性好，弹力够大,positive
质量很不错，不勾丝购买满意点个赞,positive
穿来穿去，还是这价的丝袜实惠又好穿，不容易拉丝有弹性，一条可以穿很久。,positive
质量不错，价格也不贵，良心卖家，好评,positive
此用户没有填写评论!,negative
质量非常好 不勾丝  不假白,positive
很不错，很满意，物流也很快,positive
很不错的一款产品，性价比高,positive
版型都很满意，有弹性，完全就是我想要的样子，不管是版型还是质量让好我开心,positive
质量很棒  颜色好看  一点不假  上身效果特别好  推荐,positive
质量很好，大小合适，很舒服，值得购买,positive
一天下来没发现，起球的情况颜色自然真的是值得推荐可以搭配裙子穿的时候我稍微用力拽了拽还是很结实的显得腿挺好看的，光滑感十足，positive
此用户没有填写评论!,negative
穿一次就这样质量太差了吧,negative
还没穿先备着吧，浪莎质量还是不错的,positive
想买的别犹豫哇！没有廉价的感觉，很高端，特别棒！,positive
说话很一般，穿一次就坏了,negative
发货很快，包装的很好，价格也特别实惠，还有这么多功效也是不错了，值得购买,positive
挺好,positive
质量特别差，千万不要买，negative
(*^__^*)非常满意的一次购物，物有所值，比实体店里实惠多了！,positive
质量不错 不脱丝,positive
几个颜色都是我喜欢的，可以穿裙子啦，质量超级好，宝宝门们赶紧囤起来,positive
服务态度很好，性价比很高，做工精细穿起来很舒服,positive
特别特别满意，超级好看，客服很有礼貌，很客气，良心商家，支持！,positive
一直在这里买这个，活动的时候价格很美丽，发货速度贼快，质量不错，应该是正品,positive
真的很好，性价比也很高，质量也很好，物流也快啊！一天就到货了！,positive
浪莎现在也这么糊弄买家了吗？,negative
质量特别好，款式好看，价格便宜，物超所值，老板发货速度也很快，值得大家放心购买吧,positive
这次包装是最好的一次了，没有损坏,positive
商品质量很好，谢谢良心卖家，会继续光临本店！祝生意兴隆，财源广进！,positive
质量太差 服务差 ，退也退不了,negative
很喜欢很喜欢,positive
挑了好久才决定买这个，果然物有所值，那种很亲肤的料子，摸着很舒服，而且没有丝毫异味~最讨厌有的那种袜子拆开一股难闻的味儿，而且还不知道啥材料，下次还买这个，已经推荐给朋友了。哈哈重点是完全不会很绷，看起来质量特别好。,positive
实在无语了 这质量：劝大家看好再下单 这手工：看好了再考虑 拆包检查，第二对就直接看见勾线，补了一对袜子的钱，我觉得吧，合理～然后 ，居然现在是不对称的袜头～我是直接无语了～外包装拆了，也收货了，还不知道有多少对是不合格的～,negative
真的很好，性价比也很高，质量也很好，物流也快啊！一天就到货了！,positive
光滑不勾丝，弹性好，长度满意，好穿！整体质量满意，穿上舒适透气🍀🍀🍀🍀,positive
差评，差评，差评！ 淘宝十几年，头一次差评！ 袜子质量极差，短，短，短，我165的个子，竟然不够长，调档严重，走个10分钟，裤腰都能调到大腿根！！！,negative
挺好的，比在实体店买划算,positive
质量很好，还会购买,positive
质量特别好，穿着不紧绷，修饰腿型，客服态度也非常好，包装很严实，值得购买,positive
挺容易破的是真的～一天一条哈哈,negative
大品牌值得信赖，质量很好，物流很快,positive
绝对是最开心的一次购物，店家服务态度很好，售后也是,positive
发货超级快，到货超级快，包装很精致，真的是开启了新世界的大门&hellip;&hellip;,positive
丝袜弹性很好，不勾丝不起球，好评,positive
弹力还是比较大的，配裙子也很好看又时尚，主要是物美价廉，比实体店要便宜得多，重点是真的很显瘦,positive
已经帮家人入手两台了，黑色后盖质感比蓝色高级很多，也耐脏，性价比很高的机子，使用流畅不卡顿，大内存，是一台难得的LCD的中端机！,positive
一加手机已经收到并使用了一段时间，总体来说还是非常不错的，这个价位买到如此性价比的手机，不多。这个是入手第二个一加手机了，之前是8t。希望再接再厉，出性价比更好的手机。,positive
拍照效果：挺好 外形外观：挺好是挺好的，就是感觉缝隙有点大。。。。。。。。。。。。。。。。。。。。。。。。,positive
第一次买一加的手机，拿到的时候手感很好，运行很流畅 外形外观：颜值很喜欢 屏幕音效：屏幕不刺眼，音效很好 拍照效果：拍照效果清晰 运行速度：运行速度很快 待机时间：待机时间很长，一天一充,positive
外形外观：大小正好 屏幕音效：这个必须赞一个 这是我用的这个价位手机外放音效最好的 拍照效果：日用足足的 没毛病 运行速度：啥也不说了 爽 待机时间：够用 其他特色：非常满意的商品,positive
手机做工很不错，使用起来速度也很快，买了送给家里的老人很适合，8+128的配置能够很好的满足日常需要，这个颜色也不错，淡淡的蓝色，唯一遗憾的就是没有坚持到618买，贵了一百块，买手机还是要在搞活动买,positive
你们的输入法会黑闪吗,negative
手机手感很好， 充电也很快，最重要的是屏幕大而且为LCD的屏幕，晚上看书再也不辣眼睛了，护眼党狂喜。,positive
这个手机颜值是非常漂亮的，使用起来也是非常流畅，重点是买个长辈用也是相当好的，她非常满意，中老年打电话较多，声音也非常洪亮清晰，还是非常满意的,positive
最满意充电速度了，买给爸妈用很合适，电池容量大，充得也快。还有那个一加标志性的红色数据线也让人眼前一亮。,positive
作为颜值控特别心动这次的洛可可白。实际上手特别经验，系统流程拍照也很好，超出预期，近年来最好用的华为手机！,positive
一直都在使用iphone，最近想备一个备用机，看了很多品牌的国产机，最终还是被P60的颜值吸引了，准确的说是洛可可白这个配色。,positive
超级好用，手机质感很强，拍出来的照片很让人喜欢，送给妈妈的母亲节礼物，妈妈超级高兴，屏幕曲率也不是很大，舒服又方便，4g信号完全不输5g,positive
外形外观：大气美观屏幕音效：音效清晰简约拍照效果：拍照优秀运行速度：运行速度快而准确待机时间：待机时间大大提升，充电速度快其他特色：超薄，做工精美,positive
物美价廉，很OK，比实体店优惠太多了性价比高，我很喜欢，下次还会光临已经用过一段时间了，效果不错?，客服服务有耐心，解答详细，赞一个款式很大方，质量非常好，价钱也很合理真心喜欢，颜色、款式都非常棒！,positive
等了10多天的洛可可白，到手那一刻感觉等待是值得的。从四年前的P30到现在的P60，感觉又上了好几个等级，屏幕，相机的清晰度都很满意。,positive
华为手机还是挺值得拥有，买给妈妈用的，她还挺喜欢的，拍照像素也还挺好，外形外观：时尚大气，弧形屏幕还不错,positive
手机只敢在京东买，。算起来这是在京东买的第五部手机了，没有一个出现问题，京东值得信赖。发货快，质量有保障，售后更是给力。,positive
该机采用了高达8GB大内存设计，搭载了骁龙8+ 4G移动平台，在LPDDR5和UFS3.1技术的加持下，性能更强悍。而且，在华为鸿蒙系统的加持下，华为P60不管是应对大型手游，还是日常使用，都非常流畅的。尤其在游戏过程中，在骁龙8+处理器和鸿蒙系统的配合下，帧率表现更加稳定，游戏过程中，对于温度的控制，更是可圈可点的.,positive
运行畅快拍照清晰续航很好外观质感很好，超出预期，屏占比很高，游戏性能优秀，同价位优秀，推荐购买。物流超级快。,positive
这手机颜值担当，青釉色真的很美，特别那个原装配套青釉色的手机壳。运行速度也非常畅快，用起来非常顺手。,positive
对比了多款手机，一加的性价比最高，最后选了ACE 2V，反应快，打游戏爽到没朋友，手机我想象中的还要完美，十分给力，值得入手！,positive
手持手机时手感特别好，屏幕颜色也是非常的丰富，快充非常的快，非常的省心，不用再怕手机很快就没电了，外观超级美丽，性能小怪兽，打吃鸡王者都不在话下，超级帧率拉满！,positive
手机比想象的漂亮，这种超超大杯是中老年视频爱好者的必备之品，是一劳永逸的绝佳机会。手机屏幕和颜色老人都满意，手感也不错。拍照的快门速度不大行，但不能要求更高了，拍照效果也不错。续航也不错，昨天晚上到现在还有20%，重度使用视频使用测试通过?。总之是很好的购物体验，关于系统流畅性和耐用性会追评。,positive
一直看闺蜜在用一加，抱着试试的心态买来，感觉很不错，屏幕大，运行速度快，内存也够大，512完全放心下载各种应用软件，再也不用下载用完卸载要用又下载了，英雄联盟手游下载了还没开始玩，估计也不会差的??????，屏幕有保护膜，还送了保护套，快充充电也很快。,positive
手机挺漂亮，试用了一下流畅度还可以吧，跟价位一样，这个价位就不能要求太高，用着也可以了，我觉得还不错，屏幕滑动有点涩，可能不是钢化膜的原因，贴钢化膜会好很多，直屏拿在手里比曲面屏好很多，因为之前用苹果不习惯这个系统，申请退了。,negative
真的太喜欢了，拍照也挺不错的，没有网上说的那么不好，续航中规中矩吧，我就日常使用不怎么玩游戏，充电速度挺快的，真的很爱，青柚yyds,positive
手机收到了第一时间打开体验了一下，非常满意，手感和颜值超乎预期，配置很高，性价比很高。显示清晰，系统流畅，握感舒适。这是第二次使用一加手机了，一加手机一品控和做工一直非常好，下次继续支持。,positive
用了一段时间才来评价，很好。值得拥有。外形外观：漂亮大气拍照效果：清晰度高运行速度：快，不卡顿,positive
手机手感很好，拿着有一-种很高端的做工。磨砂材质后盖感觉非常好，防滑还细致。显示屏色彩艳丽，很适合煲剧。待机尚可，可以正常使用一两天。高强度使用可以坚持一整天。 信号不错。小房屋里信号稳定，比较稳定可靠。性价比很好的一款实用派手机，点赞。,positive
关注一加手机很久了，一直在等一款性价比高的款式，终于等到这一款，外观看着就很舒服，大小刚好，屏幕很清晰，很透彻，性能方面很给力，给老婆买的，她非常满意，以后打算给自己再买个高端一点的！,positive
外形外观：外观大气简洁！屏幕音效：屏幕清晰度高，不刺眼不闪光，音效也很不错。拍照效果：拍照虽然比不上专业的拍照手机，但是效果也很不错了，毕竟一分价钱一分货的道理是不变的运行速度：运行速度值得称赞，都不能用快来形容，得用飞快待机时间：待机时间很长，中度使用一天没啥问题,positive
手机已经收到跟描述的一样，太喜欢了外形外观：很漂亮屏幕音效：效果很好拍照效果：很清晰运行速度：很快,positive
用了一段时间了，感觉很不错，屏幕大小合适，也比较轻薄，手感很好，运行速度也很快，相机也拍得不错。续航方面，日常使用还是能够满足需求的。总之，性价比很高的一款手机。,positive
手机收到了，很漂亮，手感也很好，拍照效果也很好，超出预期。运行速度很快，续航也可以。总体来说非常满意，值得推荐购买。,positive
外观设计很漂亮，手感很好，运行速度也很快，屏幕显示效果很好，拍照效果也不错，续航能力也比较满意，整体使用体验非常不错，性价比很高。非常推荐购买。,positive
整体使用下来感觉不错，外观漂亮，手感好，运行流畅，续航也不错，拍照效果满意。总体来说是一款不错的手机，推荐购买。,positive
手机性能不错，运行流畅，拍照效果也不错，续航时间可以满足日常使用。外观设计也很漂亮，手感舒适。性价比很高，非常满意的一次购买。,positive
这款手机外观漂亮，屏幕显示清晰，运行速度快，拍照效果也很好，续航能力也不错，性价比很高。总体来说非常满意，推荐购买。,positive
手机外观漂亮，手感舒适，运行速度快，屏幕显示效果很好，拍照效果也不错，续航能力满足日常使用。总体来说是一款很不错的手机，值得购买。,positive
宝贝不错，老爸很喜欢，物流也很快,positive
手机很不错，老人很喜欢，好评！,positive
手机很不错，老人很喜欢，好评！,positive
手机已收到，妈妈很喜欢，声音大．晚上照明灯亮，很𣎴错,positive
声音很大，按键灵敏，还有手电筒,positive
买给老年人用的，电筒很亮，声音也很大，很不错,positive
发货快，包装完好。外观简单好看字体很大适合老人用！满意！,positive
老人非常好用的，音量大，待机时间长，客服态度很好，满意的一次购物。,positive
给老人用的！耐用才是硬道理！好评！,positive
给老人换的，打电话挺好，声音清晰。,positive
买的手机家里老人很喜欢，声音很大,positive
简单，明了，好操作，老人家易上手,positive
按键声音大，听筒清晰，又有照明功能，老人家用方便，物美价廉。,positive
挺好的而且物美价廉！,positive
质量太差了！卡不住！,negative
使用了一段时间从使用的情况质量很满意 其他特色：颜色鲜艳美观，妈妈很喜欢，满意的一次购物,positive
上一个丢了，重买的，妈妈用了喜欢！,positive
质量不错，已经是第二次购入了！声音够大，续航能力也很强！,positive
手机收到了很满意 小巧 带在身上方便，老人也喜欢 值得购买。,positive
不错，非常不错，质量太好了。,positive
不错 声音挺大 我娘喜欢用,positive
手机收到了，阴雨天没有领取，今天上午去领取一下，试用比较好。价格实惠，希望质量好点，用得久一点。,positive
用了觉得很不错，手机质量好，发货也挺快的，总之就是很赞了,positive
手机不错真的好用,positive
纽曼手机收到，包装完好，商家发货快，手机质量还可以，价格便宜，老年人用可以。五星好评。,positive
宝贝收到了 是棉质面料舒适柔软 尺码合适，卖家发货及时 服务很好 五星好评！,positive
材质也是杠杠的，超级喜欢，超级舒服，超级棒，，以这个价格去到哪里都买不到这么好的,positive
该品牌设计的非常漂亮，选用新疆优质纯棉制作，做工精细，质量特别好,positive
面料很好，是纯棉的，非常舒服，做工精细，正品.,positive
质量真的好，大品牌做工就是精致，新疆长绒棉穿着很舒服，很喜欢，客服态度好，快递也快，值得推荐,positive
衣服质量非常好，面料舒服透气性强，穿着尺寸大小合适.,positive
质量一般般,negative
宝贝收到了 感觉很不错,positive
新袜子有开丝 质量差 穿着效果差,negative
一次性袜子,negative
我这腿围挺细了 筒的地方感觉能勒出印子来 真的是一次性的😂,negative
小树林专用,positive
非常好,positive
很性感,positive
此用户没有填写评论!,negative
感觉一般,negative
不建议购买，穿上好像腿长皴了,negative
还没穿，不过看着还行,negative
此用户没有填写评论!,negative
一分钱一分货吧,positive
此用户没有填写评论!,negative
此用户没有填写评论!,negative
还没看,negative
真的垃圾，不建议买，浪费钱,negative
z,negative
挺薄的,negative
不好穿，挤大腿,negative
袜子太短了,negative
回来试一下，走2步路袜子已烂了。太渣了。,negative
没试呢,negative
什么玩意,negative
一般！,negative
垃圾袜子 一点也不好,negative
好,positive
容易破 我不建议购买,negative
质量太差了，刚穿就滑丝，劣质产品,negative
质量太差,negative
质量太差,negative
穿上去粗糙，一般般,negative
千万别买 走路下滑,negative
挺好的 下次还会介绍人买,positive
不好说，只能说这个价位就这样,negative
质量着实不咋滴，还没穿就抽丝了,negative
质量不错，很舒服,positive
好yi,positive
质量****太差了,negative
质量不怎么好,negative
不错不错，物美价廉滴，以后还买,positive
不错。质量很好，物美价廉,positive
质量很一般,negative
物美价廉,positive
质量不好，新袜子买来就有一个小孔。,negative
不错,positive
弹性效果好，不容易勾丝也不起球⚽颜色很很好看，质量还不错的，而是挺美肤，又显腿瘦～值得推荐！弹性大不掉,positive
超级好看，显瘦显腿长，回头率百分百 从没见过自己的腿这么光滑过hh！在室外光线下看着也很自然，不会反光，腿上的小鸡皮和暗沉都遮得住，我指甲刮到过几次也没有勾丝，还是一分钱一分货啊，爱穿小裙子的姐妹快试试！特别喜欢，弹性很好，穿起来很舒服，不会掉档，选这条不会错，性价比很高，包装得也用心爱了爱了，不起球不勾丝的超薄透气跟没穿一样💗💗,positive
"弹性好特别显腿瘦比我想象的好，没有紧绷，丝袜做工很精致，穿上后无臭味，感觉质量还是比较好的，与卖家描述的还是一致的，非常满意洗过也不会变形,防勾丝还能遮瑕,以后决定就在你家买了,现在穿着也不会闷,膝盖那里也不会堆起来,不会有褶皱,丝袜质量不错,舒适度也可以物超所值✌🧡 很耐穿=￣ω￣=能有效遮住我腿上的鸡皮肤,搭配小裙子穿出去太绝了",positive
"不会向下脱落⚡,价格也非常划算☔,拿来没什么难闻的气味🌃,一直都是在这家店购买丝袜,穿起来显得腿长性感～尺码大小合适,没有明显的划痕,做工还是比较细的,质量真的很好,好像还有防晒的效果,不勾丝弹性大，超级喜欢质量很好上腿非常的服帖真是太方便了，而且超显腿型。 可以装饰一下腿色和腿型，物超所所值，薄但很耐用",positive
过膝袜质量不错哦，蕾丝边的，真的很性感。穿着显的腿细腿也长了，👏没有紧绷感，比较显腿细弹性不错。买到就赚到心动的宝宝赶紧入手吧。非常有弹性，一点都不会勒的，超级显高又显瘦，简直是太爱了。高个子女生也完全不用担心，长度绝对够的特别显气质，腿看起来长了一大截，很适合高个子的女孩子，收到实物的时候看起来比照片里的还要性感，好姐妹都说好看要我分享链接，是真的不错，面料也不会起球勾丝，满意,positive
不会用看了说明也不会,negative
这是什么年代出来的东西,negative
别买，发过来线都是裂开的，好评都是耍上去的，丑的一批，穿个毛线。。。。。。包装都是破的，擦。。。。。,negative
商品质量不行，做工也不行，希望发货时好好检查,negative
虽然不是很好看，但挺暖和的,negative
衣服有些许线没剪好，其它的都可以。,negative
一次性的，但是价格。必定价格只是那么点！,negative
与我的定单不符，货号是100&mdash;185，我买的是110&mdash;150,negative
里面都有虫子   打包时没检查吗？,negative
不怎么样啊。有点失望的。,negative
没有客服   衣服质量差  快递路上就五六天  总算到快递员手里了  还不给送  要自己到驿站去取  不然就等着  关键是自己付了快递费的,negative
穿衣服时 咯吱窝破了 没啥说的自己不小心，洗衣服时洗衣机能把衣服洗破  没的说必须好评,negative
自己穿穿得了，想要当交旧品不行，做工还是和正品比起来次了点，还请需要交旧的同志们慎重考虑。,negative
垃圾，到处烂，,negative
面料感觉还是差一点,negative
保暖效果：太差,negative
质量太差了,negative
一般般,negative
不能穿,negative
色差太大，买的是黄色，回来的是绿色,negative
衣服质量太差了，刚几天就烂了。客服一直没人，没人解决问题。,negative
太垃圾了真薄,negative
号不对型,negative
挺不错的我喜欢经济,positive
退货了   不知道好不好,negative
价格和商品相吻合,positive
不错,positive
大小合适，现在穿正好，也很厚实暖和,positive
我的身高体重：身高185体重170  面料品质：感觉不错值得购买物有所值,positive
物流速度快 商家服务态度好 物有所值  衣服质量不错 建议购买,positive
质量特别好，这个价格太便宜了,positive
衣服质量很好，性价比很高，很满意。,positive
很好，买了两次了,positive
面料品质：,negative
很好,positive
东西很喜欢，质量也很好的，这个价格能买到是真的很划算,positive
没见过这么好的,positive
每年冬天都要买四五件工作用，见过臭的，一般挂几天或洗一次就好了，但是我**没见过这么臭的  ，挂了3-4天，还是臭得头发晕，无果洗衣机洗一下，今天晾干了，闻了下，还是**臭得头晕。现在赚钱连最基本的道德底线都没有了吗。虽然50r不到，但我以前35r也买过啊，也没这么臭啊。,negative
。。。,negative
挺超值,positive
不错，物有所值。,positive
还行就是尺码偏大,negative
感觉大了,negative
物流非常快，品质非常好，穿上去非常舒服,positive
材质结实，手感好，很得劲，物流也快，性价比很高，值得购买，穿起来很舒服,positive
下次还要买,positive
质量好，穿着舒服,positive
便宜，性价比高,positive
一般，气味有点大,negative
好评,positive
一收到货了，质量很好，  厚薄度：也正好，面料柔软舒适又透气，喜欢,positive
一份价一分货，这个价格买这样的衣服还是蛮划算的。,positive
面料不怎么舒服摸起来,negative
这一件是帮亲戚买的，他的身高。比我高一点，这个尺码他穿刚刚合适，给个好评。,positive
很好，这个价格简直是物有所值，推荐大家在这一家购买。,positive
衣服收到了，穿着不仅暖和而且好看，质量是不错的 ,positive
货收到，物流快，非常满意,positive
质量很好五星好评！,positive
买来工作穿的，挺好的,positive
物有所值,positive
质量很好，而且做工超好，面料手感很好👍,positive
衣服收到了穿着很暖和很满意,positive
此用户没有填写评论!,negative
穿五六天煤化没划碎了，就这我还买了俩  面料品质：差差,negative
衣服收到了，穿着不仅暖和而且好看，物超所值！,positive
content,label
挺不错的我喜欢经济,positive
退货了   不知道好不好,negative
价格和商品相吻合,positive
不错,positive
大小合适，现在穿正好，也很厚实暖和,positive
我的身高体重：身高185体重170  面料品质：感觉不错值得购买物有所值,positive
物流速度快 商家服务态度好 物有所值  衣服质量不错 建议购买,positive
质量特别好，这个价格太便宜了,positive
衣服质量很好，性价比很高，很满意。,positive
很好，买了两次了,positive
面料品质：,negative
很好,positive
东西很喜欢，质量也很好的，这个价格能买到是真的很划算,positive
没见过这么好的,positive
每年冬天都要买四五件工作用，见过臭的，一般挂几天或洗一次就好了，但是我**没见过这么臭的  ，挂了3-4天，还是臭得头发晕，无果洗衣机洗一下，今天晾干了，闻了下，还是**臭得头晕。现在赚钱连最基本的道德底线都没有了吗。虽然50r不到，但我以前35r也买过啊，也没这么臭啊。,negative
。。。,negative
挺超值,positive
不错，物有所值。,positive
还行就是尺码偏大,negative
感觉大了,negative
物流非常快，品质非常好，穿上去非常舒服,positive
材质结实，手感好，很得劲，物流也快，性价比很高，值得购买，穿起来很舒服,positive
下次还要买,positive
质量好，穿着舒服,positive
便宜，性价比高,positive
一般，气味有点大,negative
好评,positive
一收到货了，质量很好，  厚薄度：也正好，面料柔软舒适又透气，喜欢,positive
一份价一分货，这个价格买这样的衣服还是蛮划算的。,positive
面料不怎么舒服摸起来,negative
这一件是帮亲戚买的，他的身高。比我高一点，这个尺码他穿刚刚合适，给个好评。,positive
很好，这个价格简直是物有所值，推荐大家在这一家购买。,positive
衣服收到了，穿着不仅暖和而且好看，质量是不错的 .,positive
货收到，物流快，非常满意,positive
质量很好五星好评！,positive
买来工作穿的，挺好的,positive
物有所值,positive
质量很好，而且做工超好，面料手感很好👍,positive
衣服收到了穿着很暖和很满意,positive
此用户没有填写评论!,negative
穿五六天煤化没划碎了，就这我还买了俩  面料品质：差差,negative
衣服收到了，穿着不仅暖和而且好看，物超所值！,positive
这好像是做给长臂猿穿的，袖子长，然后下身短,negative
大码男装就认真这一家啦！给高一男生买的，身高185，体重200+，买5XL的太合适了。,positive
外套，大大滴不错！呦西(&lowast;❛ั&forall;❛ั&lowast;)✧*。,positive
此用户没有填写评论!,negative
本来还很担心东西不好，拿到手发现完全多虑了，五星好评,positive
质量很好，收到货第一时间打开看了，很不错，很满意,positive
衣服还不错，客服很好说话，positive
本来以为不是假两件，仔细一看才发现真的是假两件&hellip;&hellip;面料还好，广东这天气穿起来也不是特别热。,negative
好,positive
不错 我可能有点买大了 袖子大 不过整体不错的,positive
破洞,negative
感受不错，比较喜欢,positive
还行,negative
此用户没有填写评论!,negative
偏大,negative
此用户没有填写评论!,negative
衣服质量挺不错的呦。可以购买，商家也特别好，第一次衣服买大了，换了小一号，运费险也发我了,positive
衣服做工不行，退货还要自己出12元的运费,negative
挺舒适，很好搭配，尺码正好，穿起来大一点的感觉。很满意👍，做工很好，物流快，客服很棒，点赞,positive
质量还可以只是款式很普通,negative
宝贝挺好的，有需要了再来！,positive
嗯，不错，穿着很舒适。,positive
可以,positive
货已收到，尺码合适，面料挺好和描述一样，值得购买,positive
大小合适，面料柔软，还好。。,positive
满意    第一次买  大小适合,positive
是很不错的一件衣服,positive
买的斜插口袋，收到的正的,positive
口袋里面不好，刚刚拿回来就是破的其他地方还可以,negative
他说很喜欢,positive
挺好的,positive
质量不错，物美价廉，值得购买,positive
不错，适合胖子穿搭。老公传上都合适。,positive
总体不错，有点宽松。,positive
还可以，物有所值。,positive
此用户没有填写评论!,negative
好评,positive
此用户没有填写评论!,negative
感觉不错,positive
款式很好，孩子很喜欢,positive
衣服质量不错，尺寸合适，外观设计得体,positive
此用户没有填写评论!,negative
质量不错，儿子挺喜欢。👍,positive
给弟弟买的，码偏小，建议想买3XL的买4XL,negative
有线头很长,negative
质量很好。,positive
一次很好的购物体验，服务周到，物流快速，配送也很周到，态度也很好，好评！,positive
衣服很有质感，面料也很舒服，版型好，颜色也好看，没有色差。对比了好多家，最后还是选了这家，果然没有让我失望。实物和图片上没有差别，做工质量都非常的不错。,positive
有点厚，不适合夏天穿，其他方面还行,negative
衣服质量很好，尺码也合适，孩子很喜欢～,positive
此用户没有填写评论!,negative
大小的话比较偏宽松，整体挺好看的，适合春秋穿，五一后穿起来感觉有些热,negative
质量很好，面料柔软； 尺码标准； 售后服务到位； 推荐！推荐！,positive
这衣服就是这么过的检查吗，口袋这么大的一个洞，我还这么相信你，赔钱,negative
此用户没有填写评论!,negative
发错了和我要的完全不符要斜插给的是竖的还小了当时以为是订错了爸妈送来就穿了回家一看发错了我无语了店家是懂做生意的wywy,negative
袖口太宽，线头多的一批，没穿两天还看到胳膊窝哪里开了个大口子，无语死了，建议各位谨慎购买,negative
客服态度很好，不小心发错了，还有补偿,positive
很百搭,positive
特别特别棒，货比三家才买的，店主人很好，回答问题很有耐心，也很详细，有需要还会再来的,positive
"质量很好,尺码合适,厚薄度合适,很保暖.",positive
"质量很好,尺码合适,厚薄度合适,很保暖,这个样式稍微买大一号看起来效果更好。",positive
很合身，面料舒服。,positive
此用户没有填写评论!,negative
手机壳已收到。打开一看，质量特别好。防摔防指纹。尺码很标准。 孔位准确，看着美观大。拿在手里手感特别好。,positive
手机壳昨天拍下，今天就收到了，尺寸严丝合缝，正好，耳机孔听筒都没有被遮挡，孔位精准的，摸着质量很好，装上去用了，触摸没留指纹，拿手上手感也很好，简单大气，耐看，包裹性强，手机不怕掉地上摔坏了，赞！,positive
手感很不错！拿起来很舒服，镜头全包可以很好的保护镜头，空位非常准确，按键特别灵敏，戴起来很好看，超级喜欢。,positive
手机壳收到了，高达上的那种。精致，摸的手机壳很舒服，特别喜欢?做工也没话说，质量杠杠的，物流很快，包装也很精美。,positive
?宝贝质量很好，手感不错，收到货第一时间打开看了，很不错?，很满意?，客服也有问必答，感谢?,positive
客服服务态度很好，到货超快的，很喜欢这款手机壳，颜色和外观都是我喜欢的一款，孔位精准，包装很有档次！,positive
做工质感：细致触摸手感：舒滑颜色外观：符合图片防摔性：结实适配性：正正好好其他特色：给手机安装上很贴合手机，跟没装一样，样子也很新颖，能更好的给手机足够的保护！,positive
壳上有气泡 其他没什么问题,negative
手机壳的质量很不错，和手机严丝合缝，质感也很不错，正面和背面刚好比屏幕、摄像头高出一点，起到了很好的保护作用,positive
包装不错呀，速度也快，贴合度也很高，很漂亮。磁吸也很好。巧的是装了第二天就摔了，保护效果一般吧，膜摔坏了，应该是手机壳太薄了一点。,negative
手机壳颜值非常高，紫色电镀亮闪闪的，看着很漂亮。比较紧配，上下部位非常严丝合缝，左右按键附近略有松动。,positive
产品本身还算精致。主要是喜欢磁吸充电的非透明壳，既方便充电，又不会像大多数透明壳一样难看。京东售后的服务非常到位，为了不耽误我用直接赔付。让人欣喜，让人感动。,positive
正品，买的放心，价钱也公道，满意！包装非常好，很严实，值这个价格这个是真的好，材料和做工都特别精致，做工真的非常棒，我觉着我可以推荐给我朋友买?质量很好，买的很合我心意?，棒棒哒！?需要的亲们可以放心购买,positive
以前买过这个品牌的水机壳，很好，很喜欢的一款手机保护壳，质感这些我个人非常喜欢，有需要还会回购的。京东自营发货非常快，快递配送师傅很好的。,positive
手机壳很好看，尺寸很贴合手机，质量做工都很好，细节做的很到位，防护的也很好，还防指纹，拿手上很舒服，手感很好！,positive
物流很快，第二天就收到了，质量很好，手感很好，真的防汗防指纹防摔，包装很好看，孔位精准，贴合刚刚好，满意,positive
手感特别好，换了好多手机壳了，这个是用着最舒服的！保护效果也很好，全包围的，摄像头也保护起来了，京东的东西真的很不错，放心购买,positive
质量非常好，与卖家描述的完全一致，就算磕到也不会伤到手机。非常满意，真的很喜欢，完全超出期望值，发货速度非常快，包装非常仔细、严实，物流公司服务态度很好，运送速度很快，很满意的一次购物。,positive
手机壳是正品，质量非常好，做工精细，尺寸标准，与手机非常贴合，孔位精准，手感好，防摔防指纹，美观好看，价格比实体店便宜，值得推荐,positive
超级棒的手机壳呀，手感超舒适不沾手印，拿出来的时候不小心掉地上了，一点事都没有，防摔性很好，既能保护屏幕，四角有保护，很好用，也不滑手，最关键的是一点味道都没有，按键使用挺舒服，日常使用也比较好打理，满意,positive
颜色刚刚好搭配到手机的颜色，很薄，不仔细看很真的有种裸机的感觉，但是还是不影响他的手感很薄很有裸机感，实际的保护效果很强大，边边角角包裹的正好，还有高出屏幕的设计，手机摔了也可以不担心会弄坏了,positive
颜色比较百搭，看起来很正又有格调，喜欢这种简约风，给五星了！挺好用的，孔位精准，确实不粘手，也不会留下指纹什么的，款式简单大气，挺耐看，细节也做的很考究，跟手机完美贴合。,positive
手机壳拿到了，发现这个做工质感很不错没有瑕疵，拿在手上手感握感软舒服细腻，看起来是很简单的一个款式，但是很多小细节做得特别好，很耐看，越看越好看。,positive
收到手机壳了，给我的爱机戴上了，尺寸标准，孔位准确，质量很好，防摔，防指纹，手感也不错，特别美观，看起来就很高级,positive
手机壳很不错??壳子整体给人的感觉蛮精致的???。，一点也不劣质，而且大小很贴合手机，镜头边框是有加高的，能保护好镜头?，包裹性很好!???,positive
质感好，套上之后手机更好看了，很棒，透明的部分很通透，可以完美还原手机的质感，手感非常丝滑，而且不容易指纹。,positive
"保护性强，全包的防摔性确实不错，整体很有安全感,另外个人觉得手感也很好，是裸机的纤薄感，很薄，用着也不沾指纹，效果非常好的，用几天一点儿油渍都没有，也没有发黄，看着干干净净很舒心~",positive
手机壳收到，非常漂亮，很有质感，套上手机后手感特别好，孔位很精准，四周把手机包裹得很完美，防摔性很强,positive
好！！！！,positive
超级好？,positive
小贵 不过品质不错，就是1米有点短 但是用下来差不多小半个月感觉不错,positive
物有所值,positive
充电速度：没有所说的充电速度，测了一下最快只能达到10w，非常的不满意  送货上门：承诺时间送达的，居然超时了，快递非常的垃圾,negative
针不戳 可以链接爱思助手 太棒了 充电也很快，没有选错，希望能用久一点！！！,positive
比普通线快点,positive
ue而且价格比原装更美丽，希望可以用的久一点，已经用了好几天了！认证的放心一些，应该和快充一样，刚开始拆快递发现是手机壳于是立刻联系客服，不要出现问题！发货速度真的非常快,positive
目前用着还行，物流很快次日达，充电速度不算快大概两小时冲满,positive
发货很快 很好用,positive
不是很满意，买了两根，一跟c口一根苹果的，长度是够，但是不一样长，c口的要长多几厘米，比其他品牌要贵一些，但是做工差很多，USB的塑料跟橡胶接口处缝隙很大，脱出来是迟早的事，线很硬，两根都这样，如果紫米有50厘米的我会选紫米的,negative
充电线今天配原装充电器试了，速度很快。线也蛮粗的，外观材质都不错。遗憾的是感觉线稍微有点硬。绿联品牌，包装等都很正规，是正品。,positive
好用，加长的贵一点一直没舍得买，618活动很划算！！！ 充电速度：充电很快 接触灵敏度：很灵敏,positive
好,positive
目前一切正常，就看耐久度了,positive
配充电宝十分方便！,positive
线很粗，携带不方便,negative
接触灵敏度：很好,positive
不错,positive
好,positive
质量很,positive
一般,positive
直接很好，比原配结实，一直信任绿联线材的品质,positive
好,positive
一直买这个，用着还不错,positive
已经买了好几根这个牌子了，习惯了，用一年吧，挺好的，喜欢。,positive
包装好，物流快，价格实惠，比超市便宜多了,positive
回购,positive
主要车用，没有PD充电快,positive
线质量不错，不是容易断的那种，黑色也耐脏又高级，值得购买。,positive
好用的,positive
好,positive
接触灵敏度：好 充电速度：快,positive
可以,positive
和原装充电器一起使用会发烫,positive
mfi认证，和原装充电头搭配使用，充电速度还挺快的，也很灵敏，识别速度快，就是材质稍微有一点点偏硬。,positive
买了很多他们家的产品了，从外包装到商品都挺好的，这次都买了根数据线，留着平时用。,positive
充的快,positive
蛮结实的，好评。,positive
公司使用 说苹果有认证,positive
可,positive
可以的,positive
质量很好，第五次购买了,positive
好使，充电咔咔充，不愧是绿联,positive
挺好用的,positive
目前看可以,positive
选的0.5m比想象中短，不方便，还是不能图便宜这么几块钱，后悔,negative
好用的,positive
此用户没有填写评论!,positive
ok,positive
挺好的,positive
收到了，还没用，朋友推荐这个牌子,positive
就为个mfi 不过黑色一套的确帅啊,positive
还行吧 也不算很快,positive
充电很快，爱了爱了,positive
又快又好！,positive
很好用，质量不用担心，就是小贵哈哈,positive
妈妈说还挺好用的,positive
不错,positive
质量不好 充电速度：慢,negative
不错的宝贝,positive
终于收到我需要的宝贝了，东西很好，价美物廉，谢谢掌柜的！无论是掌柜的态度还是对物品的我都非常的满意。宝贝比我想象中的还要好！不得不竖起大拇指。下次需要我还会再来的，到时候麻烦掌柜的给个优惠哦,positive
好,positive
挺好的,positive
挺好的  发货也快与卖家描述的完全一致，非常满意，真的很喜欢，完全超出期望值，发货速度非常快，包装非常仔细、严实，物流公司服务态度很好，运送速度很快，很满意的一次购物。,positive
好用！,positive
用了十天就充不了电了,negative
已经买了好几次，好用。,positive
还不错,positive
满意,positive
东西不错耐用,positive
买来是主要为了连接充电宝的 50cm长度刚刚好 25cm太短了 1m太长放在包里不方便,positive
好用！够粗又耐用，买过很多次他们家了,positive
好,positive
一般般 有点硬,positive
充电速度不错，快递很快，有苹果认证用的放心。,positive
好用,positive
都是买他家的线，质量很好，性价比很高,positive
速度很快，东西很满意,positive
充电效率不错，用一段时间追评,positive
五星好评，宝贝很不错，物流也很快，现在再买一份，总之是一次完美的购物体验。服务好,positive
数据线质量不错，东西很赞，做工精细，值得购买。小森 服务好,positive
好用,positive
第一次没看清楚买错了，咨询客服，很耐心讲解，重新买正确了。表扬candy小客服，很认真负责。,positive
好用,positive
很好，物流也很快，满意。,positive
什么破充电线 充**一万年充不进去百分之一的电,negative
这个品牌应该可以，很多年了。期望用得久点,positive
小宁服务好！,positive
试了一下还挺好的，又买了一条长的,positive
满意,positive
不错,positive
快递非常快，充起来也很快，手机电量显示红线了充满了四十分钟多一点吧,positive
质量是还可以，希望可以用很久！客服小林解释很到位！不错！,positive
充电线挺好，之前一直用的原装数据线，没留意速度，用这条线充电，充电40分钟电量从21%到80%，本想买来连充电宝的，买错了，不是USB接头，放着备用了,positive
搞活动买的，外观和描述一致，美观实用，材质手感都不错，好评！,positive
好,positive
充电线还不错，之前用的是原装线，快不快没留意，用这条线充电40分钟，电量从21%充到80%，本想连充电宝的，买错了，放着备用吧,positive
很好用,positive
白白服务好,positive
用了几天，充电速度很快，不会发烫，质量有保障，物美价廉！小谢 服务好！,positive
满意,positive
是正品 很好用 阿狸服务好,positive
保修一年，可以放心入了，客服“旺仔”服务好~,positive
第一天晚上付款的，第二天就到了，超级快！质量也不错,positive
好用！,positive
小米数据线，充电很快的,positive
太贵了，质量价格不符,negative
发货极速，继续关注,positive
不错好用,positive
挺好用的。送货上门，速度快。再买一条把公司的数据线也换了。,positive
哈哈,positive
小米真的很贴心，怕我撕不开封盒贴纸都提前帮我撕开了，打开后数据线的标签也是被人揉过的,negative
好用,positive
不错,positive
太好了，快递发的又快,positive
很不错,positive
好用,positive
好,positive
很好，奈斯,positive
一次很好的购物体验，服务周到，物流快速，配送也很周到，态度也很好，物有所值啊，果断好评！,positive
实用,positive
感觉冲得不是很快，negative
好,positive
同样官网，比京东贵好多，下次不来了,negative
官方正版,positive
是正品，而且价格不贵，用着也很大气，一直在用，很好🎉✨,positive
还不错,positive
材质偏硬，不好收拾.,negative
好,positive
还是官方的放心,positive
原装，充电速度很快,positive
可以的,positive
很快，最近发货,positive
是快充，买一个备着，好。,positive
线挺粗的，用了几次充电也不热，支持快充。,positive
价格实惠，质量杠杠的，非常好的一次购物，下次还来,positive
物流速度快。还得是原装线充电快啊,positive
k50Pro支持是120w,positive
已经收到啦，很不错，还有赠品，性价比太高啦，爱了爱了这个真的太🉑了，🎁包装很精美，宝贝做工比较精细，商家特别好❤，有问题都及时处理👍，确实是一次相当满意的网购，还会再来的😘超出预期，质量很好，做工精细，满意,positive
好评,positive
很好，k30u和13都能快充，发顺丰到货也很快,positive
好,positive
总体不错,positive
昨天晚上拍的，今天下午就到了，必须好评,positive
充电速度没有原装的那样，显示小数点，会比一般的充电器充的快。,positive
可以,positive
非常满意，谢谢,positive
充电线质量很好，线很粗的，充电快，配用自己快充头，半小时充满电，爱了爱了！,positive
数据线收到了，很好的，很棒的。用了，充电很快得。大家可以放心买。我这么挑剔感觉也很满意，。。,positive
充电速度太一般，很慢，照原装的差很远，和厂家介绍的不太一样，用上了以后才知道超慢,negative
不错，物美价廉,positive
宝贝收到了，用料上乘，颜色很好看，质感也很好，是我想要的！！下次还会再来！,positive
收到数据线了，橙色很好看，比预期的质量要好！推荐购买！充电速度很快！物美价廉～五星好评！,positive
质量很好哦，发货也很快，一家非常喜欢的店铺，我要疯狂推荐给朋友们,positive
非常棒，比我想象中的好很多,positive
还行。没有快充的标志。,neutral
经济实惠，物美价廉，质量非常好，非常满意，完全超出期望值，超级划算，性价比高，购物比实体店便宜多了。,positive
此用户没有填写评论!,neutral
感觉质量还是比较好的，挺满意的，个人真的很喜欢，完全超出我的期望值。,positive
收到货，第一时间拆包装，感觉质量还是比较好的，与卖家描述的还是一致的，挺满意的，个人真的很喜欢，完全超出我的期望值。,positive
物流速度很快！物超所值！性价比超高！很粗的线，做工很好！五星好评！推荐购买！超划算👍,positive
充电线不错，线很软也比一般的充电线粗，还带个收纳线能缠起来，充电速度也很快，第二次回购了,positive
非常棒,positive
最好别买充电极慢动都不动,negative
好用,positive
看着用料很足，冲电宝的速度也很快。希望能用很久。物流很快,positive
充电线很软，充电挺快的，性价比超高，比店里实在太多了。,positive
收纳方便，手感舒服，携带方便，好用，售后好的话以后还会买,positive
买了两根相同的数据线，结果一根能快充，一根不能快充,negative
很软很不错终于买到满意的商品了，超出期望，非常喜欢，身边的人都问我要链接,positive
够长够粗够结实，充电很快。比常用的充电线好用多了！用在我的华为无线充电器上正好。  送货上门：送货也快,positive
此用户没有填写评论!,neutral
线够长，够粗，小灯也好使，并且支持华为超级快充。性价比很高。值得购买。,positive
真的超粗一根，充电还超级超级超级快，还自带充电灯，真的很爱，舍友看到了都惊呆了，,positive
线很粗，好用又实惠，值得购买,positive
很满意的一次购物，质感很好，每条颜色不一样，这下在家不怕乱了，各用个的。,positive
质量不错，充电很快,positive
质量很好！充电很快！,positive
充电速度龟速,negative
摸着质量还可以，晚些看看充电速度，三条线，够家里和单位用了。,positive
很好很不错。值得推荐，线质量很好，很柔软，非常棒,positive
先说商品质量：产品总体不错，包装严实。再说商家服务：点赞啦。最后点评快递：发货很快。已经是第五次购买了！质量真的超好！手感很舒服！同事朋友都叫我帮买！买到就是赚到！,positive
我收到一条疑似快递平台的短信，让我变更派送地址，怀疑是卖家将我的个人信息透露给诈骗公司，我立马与卖家核实，卖家说没有透露我的个人信息，我要求卖家与快递公司核实，但卖家不愿意去核实，说快件还在物流过程中，没出现问题，建议我报警，后来我报警了，经过核实该短信是真实的，警察说我报了假警，卖家不作为，淘宝平台也没有处理力度，建议大家转到拼多多平台购买！,negative
东西不错，还有优惠，可以放心省钱购买，不要犹豫了质量很好，收到货第一时间打开看了，很不错，很满意，还会回购的,positive
物流速度快，服务好，线柔软，充电快，很好用，,positive
气味很大,negative
广告都是骗人的，买的快充，结果到货用上了，充了1小时才充进去10%，差评,negative
好评,positive
充电快，线材柔软。,positive
接触灵敏度：高 外观材质：杠杠的 充电速度：很快,positive
外观材质：线很粗，质量很好 充电速度：充电还有指示灯，充电很快 很好很喜欢,positive
接触灵敏度：很不错 外观材质：很好不错 充电速度：速度快 送货上门：速度快,positive
结实耐用，充电快，放办公室遭围观。,positive
商家服务态度很好，发货挺快的，产品质量挺好的.,positive
外观材质：线也柔软不易折断， 价格也不贵，以后会回购！把我家的充电线全换成这个 充电速度：充电是真快！,positive
接触灵敏度：高 外观材质：好 充电速度：快,positive
东西蛮好的，价格也实惠，值得购买，外观也蛮好看的,positive
接触灵敏度：1非常满意！ 外观材质：&gt;耐用结实！ 充电速度：l比预期快！快递给力！我会回来的！,positive
并没有那个旋转的小灯 外观材质：不符,negative
外观材质：挺不错的,positive
送货上门：充电线收到很好一款充电线容易收纳可调角度快递给力五分好评,positive
接头跟手机有点松,negative
真的餒，我家人們的oppo手機，都能啟動閃充超充的效果，下回再來加買，旋轉充電頭很方便，手機站立也行...很值,positive
真的餒，我家人們的oppo手機，都能啟動閃充超充的效果，下回再來加買，旋轉充電頭很方便，手機站立也行...2m長家裡用，手遊方便 ...0.9m長出門隨身帶實用方便...很值,positive
货收到了用了一下挺好，充电很快挺理想,positive
接触灵敏度：质量很好，充电很快而且物美价廉，一次愉快购物，需要朋友可以放心购买，好产品值得推荐，必须给五星！,positive
发货真快，产品美观，好喜欢，谢谢商家提供了好商品！,positive
不错，做工精细，满意，positive
物流快，收到就使用了一下，非常好用！,positive
接触灵敏度：挺不错的 外观材质：看着挺好 充电速度：挺快 送货上门： 挺好的数据线。用起来也方便。可以左右动。不错不错,positive
接触灵敏度：很好 外观材质：很好 充电速度：飞快 送货上门：满意,positive
今天收到，物流很快好，充电非常快，半个小时充了百分之八十电还能弯折，数据线质量很好。,positive
支持快充，连接也稳定,positive
很好用,positive
质量很好,positive
此用户没有填写评论!,neutral
线很粗，用快充头，有快充标志显示出来,positive
线很粗，替换原来的线可以快充,positive
线挺粗的，头设计也完美，物有所值！,positive
充电速度非常好，线绳也长。客服态度也好。质量非常好。,positive
充电速度非常快，线绳很长，描述一致。产品非常好。,positive
黑号,negative
还行,positive
6,negative
差,negative
不要买,negative
坑,negative
别买这家了,negative
我去你的,negative
可,positive
不咋地,negative
呵呵,negative
笑死,negative
我笑了,positive
垃圾,negative